{
  "correctness": {
    "max_abs_diff": 43.9713134765625,
    "max_rel_diff_vs_fp32_ref": 0.126015464499083
  },
  "device": {
    "capability": "10.0",
    "name": "NVIDIA GB200",
    "use_ue8m0": true
  },
  "iters": 30,
  "quantization": {
    "gran_k_a": 128,
    "gran_k_b": 32,
    "recipe_a": [
      1,
      128
    ],
    "recipe_b": [
      1,
      32
    ]
  },
  "results": {
    "deepgemm_fp8_fp4": {
      "avg_ms": 0.08833706652124723,
      "avg_tflops": 1555.8469268270592,
      "p50_ms": 0.08777599781751633,
      "p50_tflops": 1565.791980601935,
      "p99_ms": 0.09452799707651138,
      "p99_tflops": 1453.9497050884966
    },
    "deepgemm_over_torch_bf16_speedup": 1.3349473598382282,
    "torch_bf16_baseline": {
      "avg_ms": 0.11792533372839292,
      "avg_tflops": 1165.4743652330983,
      "p50_ms": 0.11772800236940384,
      "p50_tflops": 1167.4278906113402,
      "p99_ms": 0.12716799974441528,
      "p99_tflops": 1080.7668104257948
    }
  },
  "seed": 0,
  "shape": {
    "k": 4096,
    "m": 4096,
    "n": 4096
  },
  "status": "ok",
  "timestamp": "2026-02-09T01:39:11+0000",
  "warmup": 10
}