{
  "correctness": {
    "max_abs_diff": 43.9713134765625,
    "max_rel_diff_vs_fp32_ref": 0.126015464499083
  },
  "device": {
    "capability": "10.0",
    "name": "NVIDIA GB200",
    "use_ue8m0": true
  },
  "iters": 8,
  "quantization": {
    "gran_k_a": 128,
    "gran_k_b": 32,
    "recipe_a": [
      1,
      128
    ],
    "recipe_b": [
      1,
      32
    ]
  },
  "results": {
    "deepgemm_fp8_fp4": {
      "avg_ms": 0.09536399971693754,
      "avg_tflops": 1441.2037443893992,
      "p50_ms": 0.0950080007314682,
      "p50_tflops": 1446.6039955988463,
      "p99_ms": 0.10764800012111664,
      "p99_tflops": 1276.74414125079
    },
    "deepgemm_over_torch_bf16_speedup": 1.276162916604958,
    "torch_bf16_baseline": {
      "avg_ms": 0.1217000000178814,
      "avg_tflops": 1129.3258295136077,
      "p50_ms": 0.1194240003824234,
      "p50_tflops": 1150.8486822739862,
      "p99_ms": 0.12649600207805634,
      "p99_tflops": 1086.5082786346966
    }
  },
  "seed": 0,
  "shape": {
    "k": 4096,
    "m": 4096,
    "n": 4096
  },
  "status": "ok",
  "timestamp": "2026-02-09T16:48:21+0000",
  "warmup": 3
}