{
  "fio version" : "fio-3.36",
  "timestamp" : 1772685309,
  "timestamp_ms" : 1772685309652,
  "time" : "Thu Mar  5 04:35:09 2026",
  "jobs" : [
    {
      "jobname" : "rand_read_r2",
      "groupid" : 0,
      "job_start" : 1772685279612,
      "error" : 0,
      "eta" : 0,
      "elapsed" : 31,
      "job options" : {
        "name" : "rand_read_r2",
        "directory" : "/tmp/aisp_fio_2026-03-05_localhost_modern_profile_r24_full20b_localhost",
        "ioengine" : "libaio",
        "direct" : "1",
        "rw" : "randread",
        "bs" : "4K",
        "size" : "8G",
        "numjobs" : "4",
        "runtime" : "30",
        "unlink" : "1",
        "iodepth" : "64"
      },
      "read" : {
        "io_bytes" : 6064877568,
        "io_kbytes" : 5922732,
        "bw_bytes" : 202128897,
        "bw" : 197391,
        "iops" : 49347.875354,
        "runtime" : 30005,
        "total_ios" : 1480683,
        "short_ios" : 0,
        "drop_ios" : 0,
        "slat_ns" : {
          "min" : 910,
          "max" : 945182,
          "mean" : 4053.986337,
          "stddev" : 6964.365165,
          "N" : 1480683
        },
        "clat_ns" : {
          "min" : 490588,
          "max" : 62792560,
          "mean" : 5182291.547150,
          "stddev" : 1478472.042377,
          "N" : 1480683,
          "percentile" : {
            "1.000000" : 2146304,
            "5.000000" : 3293184,
            "10.000000" : 3948544,
            "20.000000" : 4489216,
            "30.000000" : 4751360,
            "40.000000" : 5013504,
            "50.000000" : 5144576,
            "60.000000" : 5341184,
            "70.000000" : 5537792,
            "80.000000" : 5799936,
            "90.000000" : 6193152,
            "95.000000" : 6782976,
            "99.000000" : 8847360,
            "99.500000" : 9895936,
            "99.900000" : 24248320,
            "99.950000" : 29229056,
            "99.990000" : 45350912
          }
        },
        "lat_ns" : {
          "min" : 492711,
          "max" : 62821757,
          "mean" : 5186345.533487,
          "stddev" : 1478667.248932,
          "N" : 1480683
        },
        "bw_min" : 161880,
        "bw_max" : 222392,
        "bw_agg" : 100.000000,
        "bw_mean" : 197620.508475,
        "bw_dev" : 2471.616381,
        "bw_samples" : 236,
        "iops_min" : 40470,
        "iops_max" : 55598,
        "iops_mean" : 49405.067797,
        "iops_stddev" : 617.899223,
        "iops_samples" : 236
      },
      "write" : {
        "io_bytes" : 0,
        "io_kbytes" : 0,
        "bw_bytes" : 0,
        "bw" : 0,
        "iops" : 0.000000,
        "runtime" : 0,
        "total_ios" : 0,
        "short_ios" : 0,
        "drop_ios" : 0,
        "slat_ns" : {
          "min" : 0,
          "max" : 0,
          "mean" : 0.000000,
          "stddev" : 0.000000,
          "N" : 0
        },
        "clat_ns" : {
          "min" : 0,
          "max" : 0,
          "mean" : 0.000000,
          "stddev" : 0.000000,
          "N" : 0
        },
        "lat_ns" : {
          "min" : 0,
          "max" : 0,
          "mean" : 0.000000,
          "stddev" : 0.000000,
          "N" : 0
        },
        "bw_min" : 0,
        "bw_max" : 0,
        "bw_agg" : 0.000000,
        "bw_mean" : 0.000000,
        "bw_dev" : 0.000000,
        "bw_samples" : 0,
        "iops_min" : 0,
        "iops_max" : 0,
        "iops_mean" : 0.000000,
        "iops_stddev" : 0.000000,
        "iops_samples" : 0
      },
      "trim" : {
        "io_bytes" : 0,
        "io_kbytes" : 0,
        "bw_bytes" : 0,
        "bw" : 0,
        "iops" : 0.000000,
        "runtime" : 0,
        "total_ios" : 0,
        "short_ios" : 0,
        "drop_ios" : 0,
        "slat_ns" : {
          "min" : 0,
          "max" : 0,
          "mean" : 0.000000,
          "stddev" : 0.000000,
          "N" : 0
        },
        "clat_ns" : {
          "min" : 0,
          "max" : 0,
          "mean" : 0.000000,
          "stddev" : 0.000000,
          "N" : 0
        },
        "lat_ns" : {
          "min" : 0,
          "max" : 0,
          "mean" : 0.000000,
          "stddev" : 0.000000,
          "N" : 0
        },
        "bw_min" : 0,
        "bw_max" : 0,
        "bw_agg" : 0.000000,
        "bw_mean" : 0.000000,
        "bw_dev" : 0.000000,
        "bw_samples" : 0,
        "iops_min" : 0,
        "iops_max" : 0,
        "iops_mean" : 0.000000,
        "iops_stddev" : 0.000000,
        "iops_samples" : 0
      },
      "sync" : {
        "total_ios" : 0,
        "lat_ns" : {
          "min" : 0,
          "max" : 0,
          "mean" : 0.000000,
          "stddev" : 0.000000,
          "N" : 0
        }
      },
      "job_runtime" : 120010,
      "usr_cpu" : 2.933922,
      "sys_cpu" : 8.805100,
      "ctx" : 601657,
      "majf" : 0,
      "minf" : 305,
      "iodepth_level" : {
        "1" : 0.100000,
        "2" : 0.100000,
        "4" : 0.100000,
        "8" : 0.100000,
        "16" : 0.100000,
        "32" : 0.100000,
        ">=64" : 99.982981
      },
      "iodepth_submit" : {
        "0" : 0.000000,
        "4" : 100.000000,
        "8" : 0.000000,
        "16" : 0.000000,
        "32" : 0.000000,
        "64" : 0.000000,
        ">=64" : 0.000000
      },
      "iodepth_complete" : {
        "0" : 0.000000,
        "4" : 99.999730,
        "8" : 0.000000,
        "16" : 0.000000,
        "32" : 0.000000,
        "64" : 0.100000,
        ">=64" : 0.000000
      },
      "latency_ns" : {
        "2" : 0.000000,
        "4" : 0.000000,
        "10" : 0.000000,
        "20" : 0.000000,
        "50" : 0.000000,
        "100" : 0.000000,
        "250" : 0.000000,
        "500" : 0.000000,
        "750" : 0.000000,
        "1000" : 0.000000
      },
      "latency_us" : {
        "2" : 0.000000,
        "4" : 0.000000,
        "10" : 0.000000,
        "20" : 0.000000,
        "50" : 0.000000,
        "100" : 0.000000,
        "250" : 0.000000,
        "500" : 0.010000,
        "750" : 0.012967,
        "1000" : 0.049977
      },
      "latency_ms" : {
        "2" : 0.708795,
        "4" : 9.807906,
        "10" : 88.938618,
        "20" : 0.339100,
        "50" : 0.136964,
        "100" : 0.010000,
        "250" : 0.000000,
        "500" : 0.000000,
        "750" : 0.000000,
        "1000" : 0.000000,
        "2000" : 0.000000,
        ">=2000" : 0.000000
      },
      "latency_depth" : 64,
      "latency_target" : 0,
      "latency_percentile" : 100.000000,
      "latency_window" : 0
    }
  ],
  "disk_util" : [
    {
      "name" : "vda",
      "read_ios" : 1478335,
      "write_ios" : 234,
      "read_sectors" : 11826680,
      "write_sectors" : 3416,
      "read_merges" : 0,
      "write_merges" : 69,
      "read_ticks" : 7617823,
      "write_ticks" : 1874,
      "in_queue" : 7619769,
      "util" : 89.600266
    }
  ]
}
