{
  "fio version" : "fio-3.36",
  "timestamp" : 1772685140,
  "timestamp_ms" : 1772685140401,
  "time" : "Thu Mar  5 04:32:20 2026",
  "jobs" : [
    {
      "jobname" : "rand_write_r1",
      "groupid" : 0,
      "job_start" : 1772685106856,
      "error" : 0,
      "eta" : 0,
      "elapsed" : 34,
      "job options" : {
        "name" : "rand_write_r1",
        "directory" : "/tmp/aisp_fio_2026-03-05_localhost_modern_profile_r24_full20b_localhost",
        "ioengine" : "libaio",
        "direct" : "1",
        "rw" : "randwrite",
        "bs" : "4K",
        "size" : "8G",
        "numjobs" : "4",
        "runtime" : "30",
        "unlink" : "1",
        "iodepth" : "64"
      },
      "read" : {
        "io_bytes" : 0,
        "io_kbytes" : 0,
        "bw_bytes" : 0,
        "bw" : 0,
        "iops" : 0.000000,
        "runtime" : 0,
        "total_ios" : 0,
        "short_ios" : 0,
        "drop_ios" : 0,
        "slat_ns" : {
          "min" : 0,
          "max" : 0,
          "mean" : 0.000000,
          "stddev" : 0.000000,
          "N" : 0
        },
        "clat_ns" : {
          "min" : 0,
          "max" : 0,
          "mean" : 0.000000,
          "stddev" : 0.000000,
          "N" : 0
        },
        "lat_ns" : {
          "min" : 0,
          "max" : 0,
          "mean" : 0.000000,
          "stddev" : 0.000000,
          "N" : 0
        },
        "bw_min" : 0,
        "bw_max" : 0,
        "bw_agg" : 0.000000,
        "bw_mean" : 0.000000,
        "bw_dev" : 0.000000,
        "bw_samples" : 0,
        "iops_min" : 0,
        "iops_max" : 0,
        "iops_mean" : 0.000000,
        "iops_stddev" : 0.000000,
        "iops_samples" : 0
      },
      "write" : {
        "io_bytes" : 3368316928,
        "io_kbytes" : 3289372,
        "bw_bytes" : 112258521,
        "bw" : 109627,
        "iops" : 27406.865522,
        "runtime" : 30005,
        "total_ios" : 822343,
        "short_ios" : 0,
        "drop_ios" : 0,
        "slat_ns" : {
          "min" : 2827,
          "max" : 81018111,
          "mean" : 35662.900735,
          "stddev" : 887546.676885,
          "N" : 822343
        },
        "clat_ns" : {
          "min" : 731605,
          "max" : 164153454,
          "mean" : 9303540.402089,
          "stddev" : 8503334.499980,
          "N" : 822343,
          "percentile" : {
            "1.000000" : 2441216,
            "5.000000" : 5537792,
            "10.000000" : 5931008,
            "20.000000" : 6520832,
            "30.000000" : 7372800,
            "40.000000" : 7897088,
            "50.000000" : 8290304,
            "60.000000" : 8585216,
            "70.000000" : 8847360,
            "80.000000" : 9240576,
            "90.000000" : 9764864,
            "95.000000" : 10551296,
            "99.000000" : 63176704,
            "99.500000" : 70778880,
            "99.900000" : 82313216,
            "99.950000" : 85458944,
            "99.990000" : 91750400
          }
        },
        "lat_ns" : {
          "min" : 739390,
          "max" : 164258898,
          "mean" : 9339203.302824,
          "stddev" : 8543731.304440,
          "N" : 822343
        },
        "bw_min" : 39719,
        "bw_max" : 163984,
        "bw_agg" : 100.000000,
        "bw_mean" : 110029.406780,
        "bw_dev" : 4783.277078,
        "bw_samples" : 236,
        "iops_min" : 9929,
        "iops_max" : 40996,
        "iops_mean" : 27507.338983,
        "iops_stddev" : 1195.832883,
        "iops_samples" : 236
      },
      "trim" : {
        "io_bytes" : 0,
        "io_kbytes" : 0,
        "bw_bytes" : 0,
        "bw" : 0,
        "iops" : 0.000000,
        "runtime" : 0,
        "total_ios" : 0,
        "short_ios" : 0,
        "drop_ios" : 0,
        "slat_ns" : {
          "min" : 0,
          "max" : 0,
          "mean" : 0.000000,
          "stddev" : 0.000000,
          "N" : 0
        },
        "clat_ns" : {
          "min" : 0,
          "max" : 0,
          "mean" : 0.000000,
          "stddev" : 0.000000,
          "N" : 0
        },
        "lat_ns" : {
          "min" : 0,
          "max" : 0,
          "mean" : 0.000000,
          "stddev" : 0.000000,
          "N" : 0
        },
        "bw_min" : 0,
        "bw_max" : 0,
        "bw_agg" : 0.000000,
        "bw_mean" : 0.000000,
        "bw_dev" : 0.000000,
        "bw_samples" : 0,
        "iops_min" : 0,
        "iops_max" : 0,
        "iops_mean" : 0.000000,
        "iops_stddev" : 0.000000,
        "iops_samples" : 0
      },
      "sync" : {
        "total_ios" : 0,
        "lat_ns" : {
          "min" : 0,
          "max" : 0,
          "mean" : 0.000000,
          "stddev" : 0.000000,
          "N" : 0
        }
      },
      "job_runtime" : 120015,
      "usr_cpu" : 1.713119,
      "sys_cpu" : 15.364746,
      "ctx" : 157757,
      "majf" : 0,
      "minf" : 44,
      "iodepth_level" : {
        "1" : 0.100000,
        "2" : 0.100000,
        "4" : 0.100000,
        "8" : 0.100000,
        "16" : 0.100000,
        "32" : 0.100000,
        ">=64" : 99.969356
      },
      "iodepth_submit" : {
        "0" : 0.000000,
        "4" : 100.000000,
        "8" : 0.000000,
        "16" : 0.000000,
        "32" : 0.000000,
        "64" : 0.000000,
        ">=64" : 0.000000
      },
      "iodepth_complete" : {
        "0" : 0.000000,
        "4" : 99.999513,
        "8" : 0.000000,
        "16" : 0.000000,
        "32" : 0.000000,
        "64" : 0.100000,
        ">=64" : 0.000000
      },
      "latency_ns" : {
        "2" : 0.000000,
        "4" : 0.000000,
        "10" : 0.000000,
        "20" : 0.000000,
        "50" : 0.000000,
        "100" : 0.000000,
        "250" : 0.000000,
        "500" : 0.000000,
        "750" : 0.000000,
        "1000" : 0.000000
      },
      "latency_us" : {
        "2" : 0.000000,
        "4" : 0.000000,
        "10" : 0.000000,
        "20" : 0.000000,
        "50" : 0.000000,
        "100" : 0.000000,
        "250" : 0.000000,
        "500" : 0.000000,
        "750" : 0.010000,
        "1000" : 0.088284
      },
      "latency_ms" : {
        "2" : 0.765131,
        "4" : 0.647175,
        "10" : 90.826942,
        "20" : 4.757261,
        "50" : 1.061236,
        "100" : 1.845702,
        "250" : 0.010000,
        "500" : 0.000000,
        "750" : 0.000000,
        "1000" : 0.000000,
        "2000" : 0.000000,
        ">=2000" : 0.000000
      },
      "latency_depth" : 64,
      "latency_target" : 0,
      "latency_percentile" : 100.000000,
      "latency_window" : 0
    }
  ],
  "disk_util" : [
    {
      "name" : "vda",
      "read_ios" : 13,
      "write_ios" : 839485,
      "read_sectors" : 104,
      "write_sectors" : 8732552,
      "read_merges" : 0,
      "write_merges" : 251786,
      "read_ticks" : 63,
      "write_ticks" : 6547670,
      "in_queue" : 6548130,
      "util" : 63.723589
    }
  ]
}
