{
  "fio version" : "fio-3.36",
  "timestamp" : 1772685106,
  "timestamp_ms" : 1772685106604,
  "time" : "Thu Mar  5 04:31:46 2026",
  "jobs" : [
    {
      "jobname" : "rand_read_r1",
      "groupid" : 0,
      "job_start" : 1772685076573,
      "error" : 0,
      "eta" : 0,
      "elapsed" : 31,
      "job options" : {
        "name" : "rand_read_r1",
        "directory" : "/tmp/aisp_fio_2026-03-05_localhost_modern_profile_r24_full20b_localhost",
        "ioengine" : "libaio",
        "direct" : "1",
        "rw" : "randread",
        "bs" : "4K",
        "size" : "8G",
        "numjobs" : "4",
        "runtime" : "30",
        "unlink" : "1",
        "iodepth" : "64"
      },
      "read" : {
        "io_bytes" : 5934071808,
        "io_kbytes" : 5794992,
        "bw_bytes" : 197782615,
        "bw" : 193147,
        "iops" : 48286.771323,
        "runtime" : 30003,
        "total_ios" : 1448748,
        "short_ios" : 0,
        "drop_ios" : 0,
        "slat_ns" : {
          "min" : 906,
          "max" : 587039,
          "mean" : 4508.582114,
          "stddev" : 8390.566837,
          "N" : 1448748
        },
        "clat_ns" : {
          "min" : 457343,
          "max" : 31592875,
          "mean" : 5295926.313488,
          "stddev" : 688479.910442,
          "N" : 1448748,
          "percentile" : {
            "1.000000" : 3555328,
            "5.000000" : 4292608,
            "10.000000" : 4554752,
            "20.000000" : 4816896,
            "30.000000" : 5013504,
            "40.000000" : 5144576,
            "50.000000" : 5275648,
            "60.000000" : 5406720,
            "70.000000" : 5603328,
            "80.000000" : 5734400,
            "90.000000" : 6062080,
            "95.000000" : 6324224,
            "99.000000" : 7110656,
            "99.500000" : 7634944,
            "99.900000" : 9240576,
            "99.950000" : 10027008,
            "99.990000" : 12386304
          }
        },
        "lat_ns" : {
          "min" : 463263,
          "max" : 31595001,
          "mean" : 5300434.895602,
          "stddev" : 688747.371685,
          "N" : 1448748
        },
        "bw_min" : 181758,
        "bw_max" : 213267,
        "bw_agg" : 100.000000,
        "bw_mean" : 193393.694915,
        "bw_dev" : 1404.013894,
        "bw_samples" : 236,
        "iops_min" : 45438,
        "iops_max" : 53314,
        "iops_mean" : 48347.491525,
        "iops_stddev" : 350.950452,
        "iops_samples" : 236
      },
      "write" : {
        "io_bytes" : 0,
        "io_kbytes" : 0,
        "bw_bytes" : 0,
        "bw" : 0,
        "iops" : 0.000000,
        "runtime" : 0,
        "total_ios" : 0,
        "short_ios" : 0,
        "drop_ios" : 0,
        "slat_ns" : {
          "min" : 0,
          "max" : 0,
          "mean" : 0.000000,
          "stddev" : 0.000000,
          "N" : 0
        },
        "clat_ns" : {
          "min" : 0,
          "max" : 0,
          "mean" : 0.000000,
          "stddev" : 0.000000,
          "N" : 0
        },
        "lat_ns" : {
          "min" : 0,
          "max" : 0,
          "mean" : 0.000000,
          "stddev" : 0.000000,
          "N" : 0
        },
        "bw_min" : 0,
        "bw_max" : 0,
        "bw_agg" : 0.000000,
        "bw_mean" : 0.000000,
        "bw_dev" : 0.000000,
        "bw_samples" : 0,
        "iops_min" : 0,
        "iops_max" : 0,
        "iops_mean" : 0.000000,
        "iops_stddev" : 0.000000,
        "iops_samples" : 0
      },
      "trim" : {
        "io_bytes" : 0,
        "io_kbytes" : 0,
        "bw_bytes" : 0,
        "bw" : 0,
        "iops" : 0.000000,
        "runtime" : 0,
        "total_ios" : 0,
        "short_ios" : 0,
        "drop_ios" : 0,
        "slat_ns" : {
          "min" : 0,
          "max" : 0,
          "mean" : 0.000000,
          "stddev" : 0.000000,
          "N" : 0
        },
        "clat_ns" : {
          "min" : 0,
          "max" : 0,
          "mean" : 0.000000,
          "stddev" : 0.000000,
          "N" : 0
        },
        "lat_ns" : {
          "min" : 0,
          "max" : 0,
          "mean" : 0.000000,
          "stddev" : 0.000000,
          "N" : 0
        },
        "bw_min" : 0,
        "bw_max" : 0,
        "bw_agg" : 0.000000,
        "bw_mean" : 0.000000,
        "bw_dev" : 0.000000,
        "bw_samples" : 0,
        "iops_min" : 0,
        "iops_max" : 0,
        "iops_mean" : 0.000000,
        "iops_stddev" : 0.000000,
        "iops_samples" : 0
      },
      "sync" : {
        "total_ios" : 0,
        "lat_ns" : {
          "min" : 0,
          "max" : 0,
          "mean" : 0.000000,
          "stddev" : 0.000000,
          "N" : 0
        }
      },
      "job_runtime" : 120008,
      "usr_cpu" : 3.367276,
      "sys_cpu" : 9.175222,
      "ctx" : 482275,
      "majf" : 0,
      "minf" : 306,
      "iodepth_level" : {
        "1" : 0.100000,
        "2" : 0.100000,
        "4" : 0.100000,
        "8" : 0.100000,
        "16" : 0.100000,
        "32" : 0.100000,
        ">=64" : 99.982606
      },
      "iodepth_submit" : {
        "0" : 0.000000,
        "4" : 100.000000,
        "8" : 0.000000,
        "16" : 0.000000,
        "32" : 0.000000,
        "64" : 0.000000,
        ">=64" : 0.000000
      },
      "iodepth_complete" : {
        "0" : 0.000000,
        "4" : 99.999724,
        "8" : 0.000000,
        "16" : 0.000000,
        "32" : 0.000000,
        "64" : 0.100000,
        ">=64" : 0.000000
      },
      "latency_ns" : {
        "2" : 0.000000,
        "4" : 0.000000,
        "10" : 0.000000,
        "20" : 0.000000,
        "50" : 0.000000,
        "100" : 0.000000,
        "250" : 0.000000,
        "500" : 0.000000,
        "750" : 0.000000,
        "1000" : 0.000000
      },
      "latency_us" : {
        "2" : 0.000000,
        "4" : 0.000000,
        "10" : 0.000000,
        "20" : 0.000000,
        "50" : 0.000000,
        "100" : 0.000000,
        "250" : 0.000000,
        "500" : 0.010000,
        "750" : 0.010000,
        "1000" : 0.017394
      },
      "latency_ms" : {
        "2" : 0.127006,
        "4" : 2.107268,
        "10" : 97.695873,
        "20" : 0.049284,
        "50" : 0.010000,
        "100" : 0.000000,
        "250" : 0.000000,
        "500" : 0.000000,
        "750" : 0.000000,
        "1000" : 0.000000,
        "2000" : 0.000000,
        ">=2000" : 0.000000
      },
      "latency_depth" : 64,
      "latency_target" : 0,
      "latency_percentile" : 100.000000,
      "latency_window" : 0
    }
  ],
  "disk_util" : [
    {
      "name" : "vda",
      "read_ios" : 1436692,
      "write_ios" : 99,
      "read_sectors" : 11493536,
      "write_sectors" : 3048,
      "read_merges" : 0,
      "write_merges" : 77,
      "read_ticks" : 7548499,
      "write_ticks" : 742,
      "in_queue" : 7549258,
      "util" : 89.021896
    }
  ]
}
