{
  "fio version" : "fio-3.36",
  "timestamp" : 1772685343,
  "timestamp_ms" : 1772685343407,
  "time" : "Thu Mar  5 04:35:43 2026",
  "jobs" : [
    {
      "jobname" : "rand_write_r2",
      "groupid" : 0,
      "job_start" : 1772685309898,
      "error" : 0,
      "eta" : 0,
      "elapsed" : 34,
      "job options" : {
        "name" : "rand_write_r2",
        "directory" : "/tmp/aisp_fio_2026-03-05_localhost_modern_profile_r24_full20b_localhost",
        "ioengine" : "libaio",
        "direct" : "1",
        "rw" : "randwrite",
        "bs" : "4K",
        "size" : "8G",
        "numjobs" : "4",
        "runtime" : "30",
        "unlink" : "1",
        "iodepth" : "64"
      },
      "read" : {
        "io_bytes" : 0,
        "io_kbytes" : 0,
        "bw_bytes" : 0,
        "bw" : 0,
        "iops" : 0.000000,
        "runtime" : 0,
        "total_ios" : 0,
        "short_ios" : 0,
        "drop_ios" : 0,
        "slat_ns" : {
          "min" : 0,
          "max" : 0,
          "mean" : 0.000000,
          "stddev" : 0.000000,
          "N" : 0
        },
        "clat_ns" : {
          "min" : 0,
          "max" : 0,
          "mean" : 0.000000,
          "stddev" : 0.000000,
          "N" : 0
        },
        "lat_ns" : {
          "min" : 0,
          "max" : 0,
          "mean" : 0.000000,
          "stddev" : 0.000000,
          "N" : 0
        },
        "bw_min" : 0,
        "bw_max" : 0,
        "bw_agg" : 0.000000,
        "bw_mean" : 0.000000,
        "bw_dev" : 0.000000,
        "bw_samples" : 0,
        "iops_min" : 0,
        "iops_max" : 0,
        "iops_mean" : 0.000000,
        "iops_stddev" : 0.000000,
        "iops_samples" : 0
      },
      "write" : {
        "io_bytes" : 3340345344,
        "io_kbytes" : 3262056,
        "bw_bytes" : 111326290,
        "bw" : 108717,
        "iops" : 27179.270122,
        "runtime" : 30005,
        "total_ios" : 815514,
        "short_ios" : 0,
        "drop_ios" : 0,
        "slat_ns" : {
          "min" : 2650,
          "max" : 99615944,
          "mean" : 33457.830919,
          "stddev" : 880544.248787,
          "N" : 815514
        },
        "clat_ns" : {
          "min" : 691937,
          "max" : 187753366,
          "mean" : 9383892.399707,
          "stddev" : 9326886.161425,
          "N" : 815514,
          "percentile" : {
            "1.000000" : 1646592,
            "5.000000" : 5144576,
            "10.000000" : 5668864,
            "20.000000" : 6389760,
            "30.000000" : 7176192,
            "40.000000" : 7700480,
            "50.000000" : 8093696,
            "60.000000" : 8454144,
            "70.000000" : 8716288,
            "80.000000" : 9109504,
            "90.000000" : 9764864,
            "95.000000" : 11075584,
            "99.000000" : 64225280,
            "99.500000" : 70778880,
            "99.900000" : 86507520,
            "99.950000" : 105381888,
            "99.990000" : 141557760
          }
        },
        "lat_ns" : {
          "min" : 701278,
          "max" : 187766165,
          "mean" : 9417350.230626,
          "stddev" : 9363350.250836,
          "N" : 815514
        },
        "bw_min" : 34064,
        "bw_max" : 168016,
        "bw_agg" : 100.000000,
        "bw_mean" : 109011.322034,
        "bw_dev" : 5145.201145,
        "bw_samples" : 236,
        "iops_min" : 8516,
        "iops_max" : 42004,
        "iops_mean" : 27252.728814,
        "iops_stddev" : 1286.322410,
        "iops_samples" : 236
      },
      "trim" : {
        "io_bytes" : 0,
        "io_kbytes" : 0,
        "bw_bytes" : 0,
        "bw" : 0,
        "iops" : 0.000000,
        "runtime" : 0,
        "total_ios" : 0,
        "short_ios" : 0,
        "drop_ios" : 0,
        "slat_ns" : {
          "min" : 0,
          "max" : 0,
          "mean" : 0.000000,
          "stddev" : 0.000000,
          "N" : 0
        },
        "clat_ns" : {
          "min" : 0,
          "max" : 0,
          "mean" : 0.000000,
          "stddev" : 0.000000,
          "N" : 0
        },
        "lat_ns" : {
          "min" : 0,
          "max" : 0,
          "mean" : 0.000000,
          "stddev" : 0.000000,
          "N" : 0
        },
        "bw_min" : 0,
        "bw_max" : 0,
        "bw_agg" : 0.000000,
        "bw_mean" : 0.000000,
        "bw_dev" : 0.000000,
        "bw_samples" : 0,
        "iops_min" : 0,
        "iops_max" : 0,
        "iops_mean" : 0.000000,
        "iops_stddev" : 0.000000,
        "iops_samples" : 0
      },
      "sync" : {
        "total_ios" : 0,
        "lat_ns" : {
          "min" : 0,
          "max" : 0,
          "mean" : 0.000000,
          "stddev" : 0.000000,
          "N" : 0
        }
      },
      "job_runtime" : 120016,
      "usr_cpu" : 1.573124,
      "sys_cpu" : 12.919944,
      "ctx" : 178566,
      "majf" : 0,
      "minf" : 60,
      "iodepth_level" : {
        "1" : 0.100000,
        "2" : 0.100000,
        "4" : 0.100000,
        "8" : 0.100000,
        "16" : 0.100000,
        "32" : 0.100000,
        ">=64" : 99.969099
      },
      "iodepth_submit" : {
        "0" : 0.000000,
        "4" : 100.000000,
        "8" : 0.000000,
        "16" : 0.000000,
        "32" : 0.000000,
        "64" : 0.000000,
        ">=64" : 0.000000
      },
      "iodepth_complete" : {
        "0" : 0.000000,
        "4" : 99.999509,
        "8" : 0.000000,
        "16" : 0.000000,
        "32" : 0.000000,
        "64" : 0.100000,
        ">=64" : 0.000000
      },
      "latency_ns" : {
        "2" : 0.000000,
        "4" : 0.000000,
        "10" : 0.000000,
        "20" : 0.000000,
        "50" : 0.000000,
        "100" : 0.000000,
        "250" : 0.000000,
        "500" : 0.000000,
        "750" : 0.000000,
        "1000" : 0.000000
      },
      "latency_us" : {
        "2" : 0.000000,
        "4" : 0.000000,
        "10" : 0.000000,
        "20" : 0.000000,
        "50" : 0.000000,
        "100" : 0.000000,
        "250" : 0.000000,
        "500" : 0.000000,
        "750" : 0.010000,
        "1000" : 0.107417
      },
      "latency_ms" : {
        "2" : 1.107155,
        "4" : 0.952651,
        "10" : 90.077914,
        "20" : 4.199683,
        "50" : 1.443384,
        "100" : 2.029885,
        "250" : 0.081421,
        "500" : 0.000000,
        "750" : 0.000000,
        "1000" : 0.000000,
        "2000" : 0.000000,
        ">=2000" : 0.000000
      },
      "latency_depth" : 64,
      "latency_target" : 0,
      "latency_percentile" : 100.000000,
      "latency_window" : 0
    }
  ],
  "disk_util" : [
    {
      "name" : "vda",
      "read_ios" : 37,
      "write_ios" : 838519,
      "read_sectors" : 296,
      "write_sectors" : 8829416,
      "read_merges" : 0,
      "write_merges" : 268892,
      "read_ticks" : 208,
      "write_ticks" : 6435734,
      "in_queue" : 6436605,
      "util" : 64.444150
    }
  ]
}
