{
  "fio version" : "fio-3.36",
  "timestamp" : 1772685512,
  "timestamp_ms" : 1772685512108,
  "time" : "Thu Mar  5 04:38:32 2026",
  "jobs" : [
    {
      "jobname" : "rand_read_r3",
      "groupid" : 0,
      "job_start" : 1772685482072,
      "error" : 0,
      "eta" : 0,
      "elapsed" : 31,
      "job options" : {
        "name" : "rand_read_r3",
        "directory" : "/tmp/aisp_fio_2026-03-05_localhost_modern_profile_r24_full20b_localhost",
        "ioengine" : "libaio",
        "direct" : "1",
        "rw" : "randread",
        "bs" : "4K",
        "size" : "8G",
        "numjobs" : "4",
        "runtime" : "30",
        "unlink" : "1",
        "iodepth" : "64"
      },
      "read" : {
        "io_bytes" : 6041681920,
        "io_kbytes" : 5900080,
        "bw_bytes" : 201349127,
        "bw" : 196630,
        "iops" : 49157.501833,
        "runtime" : 30006,
        "total_ios" : 1475020,
        "short_ios" : 0,
        "drop_ios" : 0,
        "slat_ns" : {
          "min" : 916,
          "max" : 567471,
          "mean" : 4208.311843,
          "stddev" : 7294.475703,
          "N" : 1475020
        },
        "clat_ns" : {
          "min" : 419499,
          "max" : 63151221,
          "mean" : 5202319.151929,
          "stddev" : 1317920.869214,
          "N" : 1475020,
          "percentile" : {
            "1.000000" : 2473984,
            "5.000000" : 3686400,
            "10.000000" : 4177920,
            "20.000000" : 4554752,
            "30.000000" : 4816896,
            "40.000000" : 5013504,
            "50.000000" : 5210112,
            "60.000000" : 5406720,
            "70.000000" : 5537792,
            "80.000000" : 5734400,
            "90.000000" : 6127616,
            "95.000000" : 6520832,
            "99.000000" : 7766016,
            "99.500000" : 8585216,
            "99.900000" : 16711680,
            "99.950000" : 27131904,
            "99.990000" : 50069504
          }
        },
        "lat_ns" : {
          "min" : 424284,
          "max" : 63152910,
          "mean" : 5206527.463771,
          "stddev" : 1318064.950657,
          "N" : 1475020
        },
        "bw_min" : 156680,
        "bw_max" : 245336,
        "bw_agg" : 100.000000,
        "bw_mean" : 196910.237288,
        "bw_dev" : 2999.140721,
        "bw_samples" : 236,
        "iops_min" : 39170,
        "iops_max" : 61334,
        "iops_mean" : 49227.474576,
        "iops_stddev" : 749.776221,
        "iops_samples" : 236
      },
      "write" : {
        "io_bytes" : 0,
        "io_kbytes" : 0,
        "bw_bytes" : 0,
        "bw" : 0,
        "iops" : 0.000000,
        "runtime" : 0,
        "total_ios" : 0,
        "short_ios" : 0,
        "drop_ios" : 0,
        "slat_ns" : {
          "min" : 0,
          "max" : 0,
          "mean" : 0.000000,
          "stddev" : 0.000000,
          "N" : 0
        },
        "clat_ns" : {
          "min" : 0,
          "max" : 0,
          "mean" : 0.000000,
          "stddev" : 0.000000,
          "N" : 0
        },
        "lat_ns" : {
          "min" : 0,
          "max" : 0,
          "mean" : 0.000000,
          "stddev" : 0.000000,
          "N" : 0
        },
        "bw_min" : 0,
        "bw_max" : 0,
        "bw_agg" : 0.000000,
        "bw_mean" : 0.000000,
        "bw_dev" : 0.000000,
        "bw_samples" : 0,
        "iops_min" : 0,
        "iops_max" : 0,
        "iops_mean" : 0.000000,
        "iops_stddev" : 0.000000,
        "iops_samples" : 0
      },
      "trim" : {
        "io_bytes" : 0,
        "io_kbytes" : 0,
        "bw_bytes" : 0,
        "bw" : 0,
        "iops" : 0.000000,
        "runtime" : 0,
        "total_ios" : 0,
        "short_ios" : 0,
        "drop_ios" : 0,
        "slat_ns" : {
          "min" : 0,
          "max" : 0,
          "mean" : 0.000000,
          "stddev" : 0.000000,
          "N" : 0
        },
        "clat_ns" : {
          "min" : 0,
          "max" : 0,
          "mean" : 0.000000,
          "stddev" : 0.000000,
          "N" : 0
        },
        "lat_ns" : {
          "min" : 0,
          "max" : 0,
          "mean" : 0.000000,
          "stddev" : 0.000000,
          "N" : 0
        },
        "bw_min" : 0,
        "bw_max" : 0,
        "bw_agg" : 0.000000,
        "bw_mean" : 0.000000,
        "bw_dev" : 0.000000,
        "bw_samples" : 0,
        "iops_min" : 0,
        "iops_max" : 0,
        "iops_mean" : 0.000000,
        "iops_stddev" : 0.000000,
        "iops_samples" : 0
      },
      "sync" : {
        "total_ios" : 0,
        "lat_ns" : {
          "min" : 0,
          "max" : 0,
          "mean" : 0.000000,
          "stddev" : 0.000000,
          "N" : 0
        }
      },
      "job_runtime" : 120020,
      "usr_cpu" : 3.096151,
      "sys_cpu" : 8.585236,
      "ctx" : 538963,
      "majf" : 0,
      "minf" : 298,
      "iodepth_level" : {
        "1" : 0.100000,
        "2" : 0.100000,
        "4" : 0.100000,
        "8" : 0.100000,
        "16" : 0.100000,
        "32" : 0.100000,
        ">=64" : 99.982915
      },
      "iodepth_submit" : {
        "0" : 0.000000,
        "4" : 100.000000,
        "8" : 0.000000,
        "16" : 0.000000,
        "32" : 0.000000,
        "64" : 0.000000,
        ">=64" : 0.000000
      },
      "iodepth_complete" : {
        "0" : 0.000000,
        "4" : 99.999729,
        "8" : 0.000000,
        "16" : 0.000000,
        "32" : 0.000000,
        "64" : 0.100000,
        ">=64" : 0.000000
      },
      "latency_ns" : {
        "2" : 0.000000,
        "4" : 0.000000,
        "10" : 0.000000,
        "20" : 0.000000,
        "50" : 0.000000,
        "100" : 0.000000,
        "250" : 0.000000,
        "500" : 0.000000,
        "750" : 0.000000,
        "1000" : 0.000000
      },
      "latency_us" : {
        "2" : 0.000000,
        "4" : 0.000000,
        "10" : 0.000000,
        "20" : 0.000000,
        "50" : 0.000000,
        "100" : 0.000000,
        "250" : 0.000000,
        "500" : 0.010000,
        "750" : 0.010983,
        "1000" : 0.037694
      },
      "latency_ms" : {
        "2" : 0.442706,
        "4" : 7.250275,
        "10" : 91.973058,
        "20" : 0.206099,
        "50" : 0.068745,
        "100" : 0.010034,
        "250" : 0.000000,
        "500" : 0.000000,
        "750" : 0.000000,
        "1000" : 0.000000,
        "2000" : 0.000000,
        ">=2000" : 0.000000
      },
      "latency_depth" : 64,
      "latency_target" : 0,
      "latency_percentile" : 100.000000,
      "latency_window" : 0
    }
  ],
  "disk_util" : [
    {
      "name" : "vda",
      "read_ios" : 1471723,
      "write_ios" : 162,
      "read_sectors" : 11773784,
      "write_sectors" : 4784,
      "read_merges" : 0,
      "write_merges" : 174,
      "read_ticks" : 7599326,
      "write_ticks" : 1195,
      "in_queue" : 7600540,
      "util" : 89.932998
    }
  ]
}
