{
  "fio version" : "fio-3.36",
  "timestamp" : 1772685546,
  "timestamp_ms" : 1772685546169,
  "time" : "Thu Mar  5 04:39:06 2026",
  "jobs" : [
    {
      "jobname" : "rand_write_r3",
      "groupid" : 0,
      "job_start" : 1772685512357,
      "error" : 0,
      "eta" : 0,
      "elapsed" : 34,
      "job options" : {
        "name" : "rand_write_r3",
        "directory" : "/tmp/aisp_fio_2026-03-05_localhost_modern_profile_r24_full20b_localhost",
        "ioengine" : "libaio",
        "direct" : "1",
        "rw" : "randwrite",
        "bs" : "4K",
        "size" : "8G",
        "numjobs" : "4",
        "runtime" : "30",
        "unlink" : "1",
        "iodepth" : "64"
      },
      "read" : {
        "io_bytes" : 0,
        "io_kbytes" : 0,
        "bw_bytes" : 0,
        "bw" : 0,
        "iops" : 0.000000,
        "runtime" : 0,
        "total_ios" : 0,
        "short_ios" : 0,
        "drop_ios" : 0,
        "slat_ns" : {
          "min" : 0,
          "max" : 0,
          "mean" : 0.000000,
          "stddev" : 0.000000,
          "N" : 0
        },
        "clat_ns" : {
          "min" : 0,
          "max" : 0,
          "mean" : 0.000000,
          "stddev" : 0.000000,
          "N" : 0
        },
        "lat_ns" : {
          "min" : 0,
          "max" : 0,
          "mean" : 0.000000,
          "stddev" : 0.000000,
          "N" : 0
        },
        "bw_min" : 0,
        "bw_max" : 0,
        "bw_agg" : 0.000000,
        "bw_mean" : 0.000000,
        "bw_dev" : 0.000000,
        "bw_samples" : 0,
        "iops_min" : 0,
        "iops_max" : 0,
        "iops_mean" : 0.000000,
        "iops_stddev" : 0.000000,
        "iops_samples" : 0
      },
      "write" : {
        "io_bytes" : 3346964480,
        "io_kbytes" : 3268520,
        "bw_bytes" : 110911107,
        "bw" : 108311,
        "iops" : 27077.907015,
        "runtime" : 30177,
        "total_ios" : 817130,
        "short_ios" : 0,
        "drop_ios" : 0,
        "slat_ns" : {
          "min" : 2608,
          "max" : 275400585,
          "mean" : 33592.401112,
          "stddev" : 1103904.057193,
          "N" : 817130
        },
        "clat_ns" : {
          "min" : 722999,
          "max" : 770975265,
          "mean" : 9379909.152158,
          "stddev" : 14337783.160099,
          "N" : 817130,
          "percentile" : {
            "1.000000" : 1646592,
            "5.000000" : 4751360,
            "10.000000" : 5668864,
            "20.000000" : 6455296,
            "30.000000" : 7241728,
            "40.000000" : 7831552,
            "50.000000" : 8159232,
            "60.000000" : 8454144,
            "70.000000" : 8716288,
            "80.000000" : 9109504,
            "90.000000" : 9633792,
            "95.000000" : 10420224,
            "99.000000" : 60030976,
            "99.500000" : 72876032,
            "99.900000" : 152043520,
            "99.950000" : 233832448,
            "99.990000" : 767557632
          }
        },
        "lat_ns" : {
          "min" : 736696,
          "max" : 770990546,
          "mean" : 9413501.553271,
          "stddev" : 14377344.569847,
          "N" : 817130
        },
        "bw_min" : 28283,
        "bw_max" : 172504,
        "bw_agg" : 100.000000,
        "bw_mean" : 109608.231073,
        "bw_dev" : 5827.060221,
        "bw_samples" : 237,
        "iops_min" : 7070,
        "iops_max" : 43126,
        "iops_mean" : 27401.986158,
        "iops_stddev" : 1456.792619,
        "iops_samples" : 237
      },
      "trim" : {
        "io_bytes" : 0,
        "io_kbytes" : 0,
        "bw_bytes" : 0,
        "bw" : 0,
        "iops" : 0.000000,
        "runtime" : 0,
        "total_ios" : 0,
        "short_ios" : 0,
        "drop_ios" : 0,
        "slat_ns" : {
          "min" : 0,
          "max" : 0,
          "mean" : 0.000000,
          "stddev" : 0.000000,
          "N" : 0
        },
        "clat_ns" : {
          "min" : 0,
          "max" : 0,
          "mean" : 0.000000,
          "stddev" : 0.000000,
          "N" : 0
        },
        "lat_ns" : {
          "min" : 0,
          "max" : 0,
          "mean" : 0.000000,
          "stddev" : 0.000000,
          "N" : 0
        },
        "bw_min" : 0,
        "bw_max" : 0,
        "bw_agg" : 0.000000,
        "bw_mean" : 0.000000,
        "bw_dev" : 0.000000,
        "bw_samples" : 0,
        "iops_min" : 0,
        "iops_max" : 0,
        "iops_mean" : 0.000000,
        "iops_stddev" : 0.000000,
        "iops_samples" : 0
      },
      "sync" : {
        "total_ios" : 0,
        "lat_ns" : {
          "min" : 0,
          "max" : 0,
          "mean" : 0.000000,
          "stddev" : 0.000000,
          "N" : 0
        }
      },
      "job_runtime" : 120206,
      "usr_cpu" : 1.628039,
      "sys_cpu" : 13.599155,
      "ctx" : 165322,
      "majf" : 0,
      "minf" : 56,
      "iodepth_level" : {
        "1" : 0.100000,
        "2" : 0.100000,
        "4" : 0.100000,
        "8" : 0.100000,
        "16" : 0.100000,
        "32" : 0.100000,
        ">=64" : 99.969160
      },
      "iodepth_submit" : {
        "0" : 0.000000,
        "4" : 100.000000,
        "8" : 0.000000,
        "16" : 0.000000,
        "32" : 0.000000,
        "64" : 0.000000,
        ">=64" : 0.000000
      },
      "iodepth_complete" : {
        "0" : 0.000000,
        "4" : 99.999510,
        "8" : 0.000000,
        "16" : 0.000000,
        "32" : 0.000000,
        "64" : 0.100000,
        ">=64" : 0.000000
      },
      "latency_ns" : {
        "2" : 0.000000,
        "4" : 0.000000,
        "10" : 0.000000,
        "20" : 0.000000,
        "50" : 0.000000,
        "100" : 0.000000,
        "250" : 0.000000,
        "500" : 0.000000,
        "750" : 0.000000,
        "1000" : 0.000000
      },
      "latency_us" : {
        "2" : 0.000000,
        "4" : 0.000000,
        "10" : 0.000000,
        "20" : 0.000000,
        "50" : 0.000000,
        "100" : 0.000000,
        "250" : 0.000000,
        "500" : 0.000000,
        "750" : 0.010000,
        "1000" : 0.086889
      },
      "latency_ms" : {
        "2" : 1.064335,
        "4" : 1.846095,
        "10" : 90.268378,
        "20" : 3.683135,
        "50" : 1.234810,
        "100" : 1.622630,
        "250" : 0.146611,
        "500" : 0.030962,
        "750" : 0.000000,
        "1000" : 0.015665,
        "2000" : 0.000000,
        ">=2000" : 0.000000
      },
      "latency_depth" : 64,
      "latency_target" : 0,
      "latency_percentile" : 100.000000,
      "latency_window" : 0
    }
  ],
  "disk_util" : [
    {
      "name" : "vda",
      "read_ios" : 3,
      "write_ios" : 836237,
      "read_sectors" : 24,
      "write_sectors" : 8684664,
      "read_merges" : 0,
      "write_merges" : 252231,
      "read_ticks" : 23,
      "write_ticks" : 6394348,
      "in_queue" : 6394860,
      "util" : 64.825254
    }
  ]
}
