{
  "fio version" : "fio-3.36",
  "timestamp" : 1772684967,
  "timestamp_ms" : 1772684967156,
  "time" : "Thu Mar  5 04:29:27 2026",
  "jobs" : [
    {
      "jobname" : "seq_write_r1",
      "groupid" : 0,
      "job_start" : 1772684937121,
      "error" : 0,
      "eta" : 0,
      "elapsed" : 31,
      "job options" : {
        "name" : "seq_write_r1",
        "directory" : "/tmp/aisp_fio_2026-03-05_localhost_modern_profile_r24_full20b_localhost",
        "ioengine" : "libaio",
        "direct" : "1",
        "rw" : "write",
        "bs" : "1M",
        "size" : "8G",
        "numjobs" : "4",
        "runtime" : "30",
        "unlink" : "1"
      },
      "read" : {
        "io_bytes" : 0,
        "io_kbytes" : 0,
        "bw_bytes" : 0,
        "bw" : 0,
        "iops" : 0.000000,
        "runtime" : 0,
        "total_ios" : 0,
        "short_ios" : 0,
        "drop_ios" : 0,
        "slat_ns" : {
          "min" : 0,
          "max" : 0,
          "mean" : 0.000000,
          "stddev" : 0.000000,
          "N" : 0
        },
        "clat_ns" : {
          "min" : 0,
          "max" : 0,
          "mean" : 0.000000,
          "stddev" : 0.000000,
          "N" : 0
        },
        "lat_ns" : {
          "min" : 0,
          "max" : 0,
          "mean" : 0.000000,
          "stddev" : 0.000000,
          "N" : 0
        },
        "bw_min" : 0,
        "bw_max" : 0,
        "bw_agg" : 0.000000,
        "bw_mean" : 0.000000,
        "bw_dev" : 0.000000,
        "bw_samples" : 0,
        "iops_min" : 0,
        "iops_max" : 0,
        "iops_mean" : 0.000000,
        "iops_stddev" : 0.000000,
        "iops_samples" : 0
      },
      "write" : {
        "io_bytes" : 21644705792,
        "io_kbytes" : 21137408,
        "bw_bytes" : 721369964,
        "bw" : 704462,
        "iops" : 687.952008,
        "runtime" : 30005,
        "total_ios" : 20642,
        "short_ios" : 0,
        "drop_ios" : 0,
        "slat_ns" : {
          "min" : 44228,
          "max" : 1953330,
          "mean" : 124183.228902,
          "stddev" : 35643.975200,
          "N" : 20642
        },
        "clat_ns" : {
          "min" : 3090976,
          "max" : 54172216,
          "mean" : 5682749.456303,
          "stddev" : 1695607.581349,
          "N" : 20642,
          "percentile" : {
            "1.000000" : 3883008,
            "5.000000" : 4292608,
            "10.000000" : 4489216,
            "20.000000" : 4816896,
            "30.000000" : 5013504,
            "40.000000" : 5210112,
            "50.000000" : 5472256,
            "60.000000" : 5668864,
            "70.000000" : 5931008,
            "80.000000" : 6193152,
            "90.000000" : 6782976,
            "95.000000" : 7503872,
            "99.000000" : 11993088,
            "99.500000" : 14876672,
            "99.900000" : 26083328,
            "99.950000" : 28704768,
            "99.990000" : 50593792
          }
        },
        "lat_ns" : {
          "min" : 3369424,
          "max" : 54288432,
          "mean" : 5806932.685205,
          "stddev" : 1699938.833827,
          "N" : 20642
        },
        "bw_min" : 550912,
        "bw_max" : 765952,
        "bw_agg" : 100.000000,
        "bw_mean" : 704766.711864,
        "bw_dev" : 10418.555479,
        "bw_samples" : 236,
        "iops_min" : 538,
        "iops_max" : 748,
        "iops_mean" : 688.203390,
        "iops_stddev" : 10.182482,
        "iops_samples" : 236
      },
      "trim" : {
        "io_bytes" : 0,
        "io_kbytes" : 0,
        "bw_bytes" : 0,
        "bw" : 0,
        "iops" : 0.000000,
        "runtime" : 0,
        "total_ios" : 0,
        "short_ios" : 0,
        "drop_ios" : 0,
        "slat_ns" : {
          "min" : 0,
          "max" : 0,
          "mean" : 0.000000,
          "stddev" : 0.000000,
          "N" : 0
        },
        "clat_ns" : {
          "min" : 0,
          "max" : 0,
          "mean" : 0.000000,
          "stddev" : 0.000000,
          "N" : 0
        },
        "lat_ns" : {
          "min" : 0,
          "max" : 0,
          "mean" : 0.000000,
          "stddev" : 0.000000,
          "N" : 0
        },
        "bw_min" : 0,
        "bw_max" : 0,
        "bw_agg" : 0.000000,
        "bw_mean" : 0.000000,
        "bw_dev" : 0.000000,
        "bw_samples" : 0,
        "iops_min" : 0,
        "iops_max" : 0,
        "iops_mean" : 0.000000,
        "iops_stddev" : 0.000000,
        "iops_samples" : 0
      },
      "sync" : {
        "total_ios" : 0,
        "lat_ns" : {
          "min" : 0,
          "max" : 0,
          "mean" : 0.000000,
          "stddev" : 0.000000,
          "N" : 0
        }
      },
      "job_runtime" : 120009,
      "usr_cpu" : 1.149080,
      "sys_cpu" : 1.459057,
      "ctx" : 20647,
      "majf" : 0,
      "minf" : 51,
      "iodepth_level" : {
        "1" : 100.000000,
        "2" : 0.000000,
        "4" : 0.000000,
        "8" : 0.000000,
        "16" : 0.000000,
        "32" : 0.000000,
        ">=64" : 0.000000
      },
      "iodepth_submit" : {
        "0" : 0.000000,
        "4" : 100.000000,
        "8" : 0.000000,
        "16" : 0.000000,
        "32" : 0.000000,
        "64" : 0.000000,
        ">=64" : 0.000000
      },
      "iodepth_complete" : {
        "0" : 0.000000,
        "4" : 100.000000,
        "8" : 0.000000,
        "16" : 0.000000,
        "32" : 0.000000,
        "64" : 0.000000,
        ">=64" : 0.000000
      },
      "latency_ns" : {
        "2" : 0.000000,
        "4" : 0.000000,
        "10" : 0.000000,
        "20" : 0.000000,
        "50" : 0.000000,
        "100" : 0.000000,
        "250" : 0.000000,
        "500" : 0.000000,
        "750" : 0.000000,
        "1000" : 0.000000
      },
      "latency_us" : {
        "2" : 0.000000,
        "4" : 0.000000,
        "10" : 0.000000,
        "20" : 0.000000,
        "50" : 0.000000,
        "100" : 0.000000,
        "250" : 0.000000,
        "500" : 0.000000,
        "750" : 0.000000,
        "1000" : 0.000000
      },
      "latency_ms" : {
        "2" : 0.000000,
        "4" : 1.632594,
        "10" : 96.671834,
        "20" : 1.467881,
        "50" : 0.213158,
        "100" : 0.014533,
        "250" : 0.000000,
        "500" : 0.000000,
        "750" : 0.000000,
        "1000" : 0.000000,
        "2000" : 0.000000,
        ">=2000" : 0.000000
      },
      "latency_depth" : 1,
      "latency_target" : 0,
      "latency_percentile" : 100.000000,
      "latency_window" : 0
    }
  ],
  "disk_util" : [
    {
      "name" : "vda",
      "read_ios" : 0,
      "write_ios" : 25947,
      "read_sectors" : 0,
      "write_sectors" : 42082168,
      "read_merges" : 0,
      "write_merges" : 621,
      "read_ticks" : 0,
      "write_ticks" : 145761,
      "in_queue" : 145778,
      "util" : 88.997996
    }
  ]
}
