{
  "fio version" : "fio-3.36",
  "timestamp" : 1772685170,
  "timestamp_ms" : 1772685170701,
  "time" : "Thu Mar  5 04:32:50 2026",
  "jobs" : [
    {
      "jobname" : "seq_write_r2",
      "groupid" : 0,
      "job_start" : 1772685140649,
      "error" : 0,
      "eta" : 0,
      "elapsed" : 31,
      "job options" : {
        "name" : "seq_write_r2",
        "directory" : "/tmp/aisp_fio_2026-03-05_localhost_modern_profile_r24_full20b_localhost",
        "ioengine" : "libaio",
        "direct" : "1",
        "rw" : "write",
        "bs" : "1M",
        "size" : "8G",
        "numjobs" : "4",
        "runtime" : "30",
        "unlink" : "1"
      },
      "read" : {
        "io_bytes" : 0,
        "io_kbytes" : 0,
        "bw_bytes" : 0,
        "bw" : 0,
        "iops" : 0.000000,
        "runtime" : 0,
        "total_ios" : 0,
        "short_ios" : 0,
        "drop_ios" : 0,
        "slat_ns" : {
          "min" : 0,
          "max" : 0,
          "mean" : 0.000000,
          "stddev" : 0.000000,
          "N" : 0
        },
        "clat_ns" : {
          "min" : 0,
          "max" : 0,
          "mean" : 0.000000,
          "stddev" : 0.000000,
          "N" : 0
        },
        "lat_ns" : {
          "min" : 0,
          "max" : 0,
          "mean" : 0.000000,
          "stddev" : 0.000000,
          "N" : 0
        },
        "bw_min" : 0,
        "bw_max" : 0,
        "bw_agg" : 0.000000,
        "bw_mean" : 0.000000,
        "bw_dev" : 0.000000,
        "bw_samples" : 0,
        "iops_min" : 0,
        "iops_max" : 0,
        "iops_mean" : 0.000000,
        "iops_stddev" : 0.000000,
        "iops_samples" : 0
      },
      "write" : {
        "io_bytes" : 21937258496,
        "io_kbytes" : 21423104,
        "bw_bytes" : 731144463,
        "bw" : 714008,
        "iops" : 697.273697,
        "runtime" : 30004,
        "total_ios" : 20921,
        "short_ios" : 0,
        "drop_ios" : 0,
        "slat_ns" : {
          "min" : 44212,
          "max" : 2607573,
          "mean" : 125395.005497,
          "stddev" : 29229.177757,
          "N" : 20921
        },
        "clat_ns" : {
          "min" : 3195248,
          "max" : 49663054,
          "mean" : 5604032.003585,
          "stddev" : 1243044.290985,
          "N" : 20921,
          "percentile" : {
            "1.000000" : 3948544,
            "5.000000" : 4292608,
            "10.000000" : 4489216,
            "20.000000" : 4816896,
            "30.000000" : 5013504,
            "40.000000" : 5275648,
            "50.000000" : 5472256,
            "60.000000" : 5668864,
            "70.000000" : 5931008,
            "80.000000" : 6193152,
            "90.000000" : 6717440,
            "95.000000" : 7176192,
            "99.000000" : 9240576,
            "99.500000" : 10813440,
            "99.900000" : 18743296,
            "99.950000" : 23986176,
            "99.990000" : 32374784
          }
        },
        "lat_ns" : {
          "min" : 3310603,
          "max" : 49785289,
          "mean" : 5729427.009082,
          "stddev" : 1246301.624266,
          "N" : 20921
        },
        "bw_min" : 618496,
        "bw_max" : 761856,
        "bw_agg" : 100.000000,
        "bw_mean" : 714994.983051,
        "bw_dev" : 6299.131180,
        "bw_samples" : 236,
        "iops_min" : 604,
        "iops_max" : 744,
        "iops_mean" : 698.237288,
        "iops_stddev" : 6.151495,
        "iops_samples" : 236
      },
      "trim" : {
        "io_bytes" : 0,
        "io_kbytes" : 0,
        "bw_bytes" : 0,
        "bw" : 0,
        "iops" : 0.000000,
        "runtime" : 0,
        "total_ios" : 0,
        "short_ios" : 0,
        "drop_ios" : 0,
        "slat_ns" : {
          "min" : 0,
          "max" : 0,
          "mean" : 0.000000,
          "stddev" : 0.000000,
          "N" : 0
        },
        "clat_ns" : {
          "min" : 0,
          "max" : 0,
          "mean" : 0.000000,
          "stddev" : 0.000000,
          "N" : 0
        },
        "lat_ns" : {
          "min" : 0,
          "max" : 0,
          "mean" : 0.000000,
          "stddev" : 0.000000,
          "N" : 0
        },
        "bw_min" : 0,
        "bw_max" : 0,
        "bw_agg" : 0.000000,
        "bw_mean" : 0.000000,
        "bw_dev" : 0.000000,
        "bw_samples" : 0,
        "iops_min" : 0,
        "iops_max" : 0,
        "iops_mean" : 0.000000,
        "iops_stddev" : 0.000000,
        "iops_samples" : 0
      },
      "sync" : {
        "total_ios" : 0,
        "lat_ns" : {
          "min" : 0,
          "max" : 0,
          "mean" : 0.000000,
          "stddev" : 0.000000,
          "N" : 0
        }
      },
      "job_runtime" : 120004,
      "usr_cpu" : 1.141629,
      "sys_cpu" : 1.519116,
      "ctx" : 20956,
      "majf" : 0,
      "minf" : 49,
      "iodepth_level" : {
        "1" : 100.000000,
        "2" : 0.000000,
        "4" : 0.000000,
        "8" : 0.000000,
        "16" : 0.000000,
        "32" : 0.000000,
        ">=64" : 0.000000
      },
      "iodepth_submit" : {
        "0" : 0.000000,
        "4" : 100.000000,
        "8" : 0.000000,
        "16" : 0.000000,
        "32" : 0.000000,
        "64" : 0.000000,
        ">=64" : 0.000000
      },
      "iodepth_complete" : {
        "0" : 0.000000,
        "4" : 100.000000,
        "8" : 0.000000,
        "16" : 0.000000,
        "32" : 0.000000,
        "64" : 0.000000,
        ">=64" : 0.000000
      },
      "latency_ns" : {
        "2" : 0.000000,
        "4" : 0.000000,
        "10" : 0.000000,
        "20" : 0.000000,
        "50" : 0.000000,
        "100" : 0.000000,
        "250" : 0.000000,
        "500" : 0.000000,
        "750" : 0.000000,
        "1000" : 0.000000
      },
      "latency_us" : {
        "2" : 0.000000,
        "4" : 0.000000,
        "10" : 0.000000,
        "20" : 0.000000,
        "50" : 0.000000,
        "100" : 0.000000,
        "250" : 0.000000,
        "500" : 0.000000,
        "750" : 0.000000,
        "1000" : 0.000000
      },
      "latency_ms" : {
        "2" : 0.000000,
        "4" : 1.390947,
        "10" : 97.944649,
        "20" : 0.568806,
        "50" : 0.095598,
        "100" : 0.000000,
        "250" : 0.000000,
        "500" : 0.000000,
        "750" : 0.000000,
        "1000" : 0.000000,
        "2000" : 0.000000,
        ">=2000" : 0.000000
      },
      "latency_depth" : 1,
      "latency_target" : 0,
      "latency_percentile" : 100.000000,
      "latency_window" : 0
    }
  ],
  "disk_util" : [
    {
      "name" : "vda",
      "read_ios" : 0,
      "write_ios" : 36472,
      "read_sectors" : 0,
      "write_sectors" : 42645800,
      "read_merges" : 0,
      "write_merges" : 813,
      "read_ticks" : 0,
      "write_ticks" : 202119,
      "in_queue" : 202286,
      "util" : 87.906946
    }
  ]
}
