{
  "fio version" : "fio-3.36",
  "timestamp" : 1772685239,
  "timestamp_ms" : 1772685239725,
  "time" : "Thu Mar  5 04:33:59 2026",
  "jobs" : [
    {
      "jobname" : "seq_read_r2",
      "groupid" : 0,
      "job_start" : 1772685209688,
      "error" : 0,
      "eta" : 0,
      "elapsed" : 31,
      "job options" : {
        "name" : "seq_read_r2",
        "directory" : "/tmp/aisp_fio_2026-03-05_localhost_modern_profile_r24_full20b_localhost",
        "ioengine" : "libaio",
        "direct" : "1",
        "rw" : "read",
        "bs" : "1M",
        "size" : "8G",
        "numjobs" : "4",
        "runtime" : "30",
        "unlink" : "1"
      },
      "read" : {
        "io_bytes" : 46139441152,
        "io_kbytes" : 45058048,
        "bw_bytes" : 1537827588,
        "bw" : 1501784,
        "iops" : 1466.586675,
        "runtime" : 30003,
        "total_ios" : 44002,
        "short_ios" : 0,
        "drop_ios" : 0,
        "slat_ns" : {
          "min" : 16871,
          "max" : 827060,
          "mean" : 48920.802941,
          "stddev" : 17228.166448,
          "N" : 44002
        },
        "clat_ns" : {
          "min" : 1016826,
          "max" : 35562799,
          "mean" : 2673636.167470,
          "stddev" : 837312.017199,
          "N" : 44002,
          "percentile" : {
            "1.000000" : 1318912,
            "5.000000" : 1597440,
            "10.000000" : 1941504,
            "20.000000" : 2211840,
            "30.000000" : 2375680,
            "40.000000" : 2506752,
            "50.000000" : 2637824,
            "60.000000" : 2768896,
            "70.000000" : 2899968,
            "80.000000" : 3096576,
            "90.000000" : 3391488,
            "95.000000" : 3653632,
            "99.000000" : 4489216,
            "99.500000" : 5275648,
            "99.900000" : 10289152,
            "99.950000" : 14352384,
            "99.990000" : 28966912
          }
        },
        "lat_ns" : {
          "min" : 1069529,
          "max" : 35639071,
          "mean" : 2722556.970410,
          "stddev" : 841517.362265,
          "N" : 44002
        },
        "bw_min" : 1075200,
        "bw_max" : 2021376,
        "bw_agg" : 99.771355,
        "bw_mean" : 1498351.677966,
        "bw_dev" : 49251.312543,
        "bw_samples" : 236,
        "iops_min" : 1050,
        "iops_max" : 1974,
        "iops_mean" : 1463.186441,
        "iops_stddev" : 48.107411,
        "iops_samples" : 236
      },
      "write" : {
        "io_bytes" : 0,
        "io_kbytes" : 0,
        "bw_bytes" : 0,
        "bw" : 0,
        "iops" : 0.000000,
        "runtime" : 0,
        "total_ios" : 0,
        "short_ios" : 0,
        "drop_ios" : 0,
        "slat_ns" : {
          "min" : 0,
          "max" : 0,
          "mean" : 0.000000,
          "stddev" : 0.000000,
          "N" : 0
        },
        "clat_ns" : {
          "min" : 0,
          "max" : 0,
          "mean" : 0.000000,
          "stddev" : 0.000000,
          "N" : 0
        },
        "lat_ns" : {
          "min" : 0,
          "max" : 0,
          "mean" : 0.000000,
          "stddev" : 0.000000,
          "N" : 0
        },
        "bw_min" : 0,
        "bw_max" : 0,
        "bw_agg" : 0.000000,
        "bw_mean" : 0.000000,
        "bw_dev" : 0.000000,
        "bw_samples" : 0,
        "iops_min" : 0,
        "iops_max" : 0,
        "iops_mean" : 0.000000,
        "iops_stddev" : 0.000000,
        "iops_samples" : 0
      },
      "trim" : {
        "io_bytes" : 0,
        "io_kbytes" : 0,
        "bw_bytes" : 0,
        "bw" : 0,
        "iops" : 0.000000,
        "runtime" : 0,
        "total_ios" : 0,
        "short_ios" : 0,
        "drop_ios" : 0,
        "slat_ns" : {
          "min" : 0,
          "max" : 0,
          "mean" : 0.000000,
          "stddev" : 0.000000,
          "N" : 0
        },
        "clat_ns" : {
          "min" : 0,
          "max" : 0,
          "mean" : 0.000000,
          "stddev" : 0.000000,
          "N" : 0
        },
        "lat_ns" : {
          "min" : 0,
          "max" : 0,
          "mean" : 0.000000,
          "stddev" : 0.000000,
          "N" : 0
        },
        "bw_min" : 0,
        "bw_max" : 0,
        "bw_agg" : 0.000000,
        "bw_mean" : 0.000000,
        "bw_dev" : 0.000000,
        "bw_samples" : 0,
        "iops_min" : 0,
        "iops_max" : 0,
        "iops_mean" : 0.000000,
        "iops_stddev" : 0.000000,
        "iops_samples" : 0
      },
      "sync" : {
        "total_ios" : 0,
        "lat_ns" : {
          "min" : 0,
          "max" : 0,
          "mean" : 0.000000,
          "stddev" : 0.000000,
          "N" : 0
        }
      },
      "job_runtime" : 120004,
      "usr_cpu" : 0.654145,
      "sys_cpu" : 2.850738,
      "ctx" : 44072,
      "majf" : 0,
      "minf" : 1081,
      "iodepth_level" : {
        "1" : 100.000000,
        "2" : 0.000000,
        "4" : 0.000000,
        "8" : 0.000000,
        "16" : 0.000000,
        "32" : 0.000000,
        ">=64" : 0.000000
      },
      "iodepth_submit" : {
        "0" : 0.000000,
        "4" : 100.000000,
        "8" : 0.000000,
        "16" : 0.000000,
        "32" : 0.000000,
        "64" : 0.000000,
        ">=64" : 0.000000
      },
      "iodepth_complete" : {
        "0" : 0.000000,
        "4" : 100.000000,
        "8" : 0.000000,
        "16" : 0.000000,
        "32" : 0.000000,
        "64" : 0.000000,
        ">=64" : 0.000000
      },
      "latency_ns" : {
        "2" : 0.000000,
        "4" : 0.000000,
        "10" : 0.000000,
        "20" : 0.000000,
        "50" : 0.000000,
        "100" : 0.000000,
        "250" : 0.000000,
        "500" : 0.000000,
        "750" : 0.000000,
        "1000" : 0.000000
      },
      "latency_us" : {
        "2" : 0.000000,
        "4" : 0.000000,
        "10" : 0.000000,
        "20" : 0.000000,
        "50" : 0.000000,
        "100" : 0.000000,
        "250" : 0.000000,
        "500" : 0.000000,
        "750" : 0.000000,
        "1000" : 0.000000
      },
      "latency_ms" : {
        "2" : 11.563111,
        "4" : 86.286987,
        "10" : 2.029453,
        "20" : 0.086360,
        "50" : 0.034089,
        "100" : 0.000000,
        "250" : 0.000000,
        "500" : 0.000000,
        "750" : 0.000000,
        "1000" : 0.000000,
        "2000" : 0.000000,
        ">=2000" : 0.000000
      },
      "latency_depth" : 1,
      "latency_target" : 0,
      "latency_percentile" : 100.000000,
      "latency_window" : 0
    }
  ],
  "disk_util" : [
    {
      "name" : "vda",
      "read_ios" : 54467,
      "write_ios" : 221,
      "read_sectors" : 89618432,
      "write_sectors" : 5056,
      "read_merges" : 0,
      "write_merges" : 165,
      "read_ticks" : 145575,
      "write_ticks" : 473,
      "in_queue" : 146052,
      "util" : 89.110829
    }
  ]
}
