{
  "fio version" : "fio-3.36",
  "timestamp" : 1772685373,
  "timestamp_ms" : 1772685373694,
  "time" : "Thu Mar  5 04:36:13 2026",
  "jobs" : [
    {
      "jobname" : "seq_write_r3",
      "groupid" : 0,
      "job_start" : 1772685343657,
      "error" : 0,
      "eta" : 0,
      "elapsed" : 31,
      "job options" : {
        "name" : "seq_write_r3",
        "directory" : "/tmp/aisp_fio_2026-03-05_localhost_modern_profile_r24_full20b_localhost",
        "ioengine" : "libaio",
        "direct" : "1",
        "rw" : "write",
        "bs" : "1M",
        "size" : "8G",
        "numjobs" : "4",
        "runtime" : "30",
        "unlink" : "1"
      },
      "read" : {
        "io_bytes" : 0,
        "io_kbytes" : 0,
        "bw_bytes" : 0,
        "bw" : 0,
        "iops" : 0.000000,
        "runtime" : 0,
        "total_ios" : 0,
        "short_ios" : 0,
        "drop_ios" : 0,
        "slat_ns" : {
          "min" : 0,
          "max" : 0,
          "mean" : 0.000000,
          "stddev" : 0.000000,
          "N" : 0
        },
        "clat_ns" : {
          "min" : 0,
          "max" : 0,
          "mean" : 0.000000,
          "stddev" : 0.000000,
          "N" : 0
        },
        "lat_ns" : {
          "min" : 0,
          "max" : 0,
          "mean" : 0.000000,
          "stddev" : 0.000000,
          "N" : 0
        },
        "bw_min" : 0,
        "bw_max" : 0,
        "bw_agg" : 0.000000,
        "bw_mean" : 0.000000,
        "bw_dev" : 0.000000,
        "bw_samples" : 0,
        "iops_min" : 0,
        "iops_max" : 0,
        "iops_mean" : 0.000000,
        "iops_stddev" : 0.000000,
        "iops_samples" : 0
      },
      "write" : {
        "io_bytes" : 22798139392,
        "io_kbytes" : 22263808,
        "bw_bytes" : 759811344,
        "bw" : 742003,
        "iops" : 724.612565,
        "runtime" : 30005,
        "total_ios" : 21742,
        "short_ios" : 0,
        "drop_ios" : 0,
        "slat_ns" : {
          "min" : 41118,
          "max" : 1522581,
          "mean" : 116434.442048,
          "stddev" : 27933.033645,
          "N" : 21742
        },
        "clat_ns" : {
          "min" : 2979393,
          "max" : 36236121,
          "mean" : 5396885.087021,
          "stddev" : 1285810.414764,
          "N" : 21742,
          "percentile" : {
            "1.000000" : 3686400,
            "5.000000" : 4046848,
            "10.000000" : 4292608,
            "20.000000" : 4554752,
            "30.000000" : 4816896,
            "40.000000" : 5013504,
            "50.000000" : 5210112,
            "60.000000" : 5472256,
            "70.000000" : 5734400,
            "80.000000" : 5996544,
            "90.000000" : 6520832,
            "95.000000" : 7110656,
            "99.000000" : 9371648,
            "99.500000" : 11075584,
            "99.900000" : 18219008,
            "99.950000" : 22675456,
            "99.990000" : 35389440
          }
        },
        "lat_ns" : {
          "min" : 3053020,
          "max" : 36344515,
          "mean" : 5513319.529068,
          "stddev" : 1288101.823356,
          "N" : 21742
        },
        "bw_min" : 663552,
        "bw_max" : 804864,
        "bw_agg" : 100.000000,
        "bw_mean" : 742903.322034,
        "bw_dev" : 7407.871579,
        "bw_samples" : 236,
        "iops_min" : 648,
        "iops_max" : 786,
        "iops_mean" : 725.491525,
        "iops_stddev" : 7.234250,
        "iops_samples" : 236
      },
      "trim" : {
        "io_bytes" : 0,
        "io_kbytes" : 0,
        "bw_bytes" : 0,
        "bw" : 0,
        "iops" : 0.000000,
        "runtime" : 0,
        "total_ios" : 0,
        "short_ios" : 0,
        "drop_ios" : 0,
        "slat_ns" : {
          "min" : 0,
          "max" : 0,
          "mean" : 0.000000,
          "stddev" : 0.000000,
          "N" : 0
        },
        "clat_ns" : {
          "min" : 0,
          "max" : 0,
          "mean" : 0.000000,
          "stddev" : 0.000000,
          "N" : 0
        },
        "lat_ns" : {
          "min" : 0,
          "max" : 0,
          "mean" : 0.000000,
          "stddev" : 0.000000,
          "N" : 0
        },
        "bw_min" : 0,
        "bw_max" : 0,
        "bw_agg" : 0.000000,
        "bw_mean" : 0.000000,
        "bw_dev" : 0.000000,
        "bw_samples" : 0,
        "iops_min" : 0,
        "iops_max" : 0,
        "iops_mean" : 0.000000,
        "iops_stddev" : 0.000000,
        "iops_samples" : 0
      },
      "sync" : {
        "total_ios" : 0,
        "lat_ns" : {
          "min" : 0,
          "max" : 0,
          "mean" : 0.000000,
          "stddev" : 0.000000,
          "N" : 0
        }
      },
      "job_runtime" : 120008,
      "usr_cpu" : 1.196587,
      "sys_cpu" : 1.391574,
      "ctx" : 21752,
      "majf" : 0,
      "minf" : 54,
      "iodepth_level" : {
        "1" : 100.000000,
        "2" : 0.000000,
        "4" : 0.000000,
        "8" : 0.000000,
        "16" : 0.000000,
        "32" : 0.000000,
        ">=64" : 0.000000
      },
      "iodepth_submit" : {
        "0" : 0.000000,
        "4" : 100.000000,
        "8" : 0.000000,
        "16" : 0.000000,
        "32" : 0.000000,
        "64" : 0.000000,
        ">=64" : 0.000000
      },
      "iodepth_complete" : {
        "0" : 0.000000,
        "4" : 100.000000,
        "8" : 0.000000,
        "16" : 0.000000,
        "32" : 0.000000,
        "64" : 0.000000,
        ">=64" : 0.000000
      },
      "latency_ns" : {
        "2" : 0.000000,
        "4" : 0.000000,
        "10" : 0.000000,
        "20" : 0.000000,
        "50" : 0.000000,
        "100" : 0.000000,
        "250" : 0.000000,
        "500" : 0.000000,
        "750" : 0.000000,
        "1000" : 0.000000
      },
      "latency_us" : {
        "2" : 0.000000,
        "4" : 0.000000,
        "10" : 0.000000,
        "20" : 0.000000,
        "50" : 0.000000,
        "100" : 0.000000,
        "250" : 0.000000,
        "500" : 0.000000,
        "750" : 0.000000,
        "1000" : 0.000000
      },
      "latency_ms" : {
        "2" : 0.000000,
        "4" : 4.213044,
        "10" : 95.083249,
        "20" : 0.630117,
        "50" : 0.073590,
        "100" : 0.000000,
        "250" : 0.000000,
        "500" : 0.000000,
        "750" : 0.000000,
        "1000" : 0.000000,
        "2000" : 0.000000,
        ">=2000" : 0.000000
      },
      "latency_depth" : 1,
      "latency_target" : 0,
      "latency_percentile" : 100.000000,
      "latency_window" : 0
    }
  ],
  "disk_util" : [
    {
      "name" : "vda",
      "read_ios" : 0,
      "write_ios" : 21772,
      "read_sectors" : 0,
      "write_sectors" : 44294112,
      "read_merges" : 0,
      "write_merges" : 885,
      "read_ticks" : 0,
      "write_ticks" : 116412,
      "in_queue" : 116593,
      "util" : 88.708006
    }
  ]
}
