{
  "fio version" : "fio-3.36",
  "timestamp" : 1772685036,
  "timestamp_ms" : 1772685036236,
  "time" : "Thu Mar  5 04:30:36 2026",
  "jobs" : [
    {
      "jobname" : "seq_read_r1",
      "groupid" : 0,
      "job_start" : 1772685006204,
      "error" : 0,
      "eta" : 0,
      "elapsed" : 31,
      "job options" : {
        "name" : "seq_read_r1",
        "directory" : "/tmp/aisp_fio_2026-03-05_localhost_modern_profile_r24_full20b_localhost",
        "ioengine" : "libaio",
        "direct" : "1",
        "rw" : "read",
        "bs" : "1M",
        "size" : "8G",
        "numjobs" : "4",
        "runtime" : "30",
        "unlink" : "1"
      },
      "read" : {
        "io_bytes" : 47286583296,
        "io_kbytes" : 46178304,
        "bw_bytes" : 1576114368,
        "bw" : 1539174,
        "iops" : 1503.099793,
        "runtime" : 30002,
        "total_ios" : 45096,
        "short_ios" : 0,
        "drop_ios" : 0,
        "slat_ns" : {
          "min" : 16690,
          "max" : 751023,
          "mean" : 46294.093356,
          "stddev" : 12037.022361,
          "N" : 45096
        },
        "clat_ns" : {
          "min" : 1064936,
          "max" : 30662009,
          "mean" : 2610684.686092,
          "stddev" : 656943.800730,
          "N" : 45096,
          "percentile" : {
            "1.000000" : 1384448,
            "5.000000" : 1892352,
            "10.000000" : 2056192,
            "20.000000" : 2211840,
            "30.000000" : 2342912,
            "40.000000" : 2441216,
            "50.000000" : 2539520,
            "60.000000" : 2637824,
            "70.000000" : 2768896,
            "80.000000" : 2965504,
            "90.000000" : 3227648,
            "95.000000" : 3555328,
            "99.000000" : 4489216,
            "99.500000" : 4882432,
            "99.900000" : 6062080,
            "99.950000" : 7110656,
            "99.990000" : 24248320
          }
        },
        "lat_ns" : {
          "min" : 1095330,
          "max" : 30703816,
          "mean" : 2656978.779448,
          "stddev" : 658405.418532,
          "N" : 45096
        },
        "bw_min" : 1206272,
        "bw_max" : 1814528,
        "bw_agg" : 99.813914,
        "bw_mean" : 1536310.237288,
        "bw_dev" : 34871.608498,
        "bw_samples" : 236,
        "iops_min" : 1178,
        "iops_max" : 1772,
        "iops_mean" : 1500.271186,
        "iops_stddev" : 34.054516,
        "iops_samples" : 236
      },
      "write" : {
        "io_bytes" : 0,
        "io_kbytes" : 0,
        "bw_bytes" : 0,
        "bw" : 0,
        "iops" : 0.000000,
        "runtime" : 0,
        "total_ios" : 0,
        "short_ios" : 0,
        "drop_ios" : 0,
        "slat_ns" : {
          "min" : 0,
          "max" : 0,
          "mean" : 0.000000,
          "stddev" : 0.000000,
          "N" : 0
        },
        "clat_ns" : {
          "min" : 0,
          "max" : 0,
          "mean" : 0.000000,
          "stddev" : 0.000000,
          "N" : 0
        },
        "lat_ns" : {
          "min" : 0,
          "max" : 0,
          "mean" : 0.000000,
          "stddev" : 0.000000,
          "N" : 0
        },
        "bw_min" : 0,
        "bw_max" : 0,
        "bw_agg" : 0.000000,
        "bw_mean" : 0.000000,
        "bw_dev" : 0.000000,
        "bw_samples" : 0,
        "iops_min" : 0,
        "iops_max" : 0,
        "iops_mean" : 0.000000,
        "iops_stddev" : 0.000000,
        "iops_samples" : 0
      },
      "trim" : {
        "io_bytes" : 0,
        "io_kbytes" : 0,
        "bw_bytes" : 0,
        "bw" : 0,
        "iops" : 0.000000,
        "runtime" : 0,
        "total_ios" : 0,
        "short_ios" : 0,
        "drop_ios" : 0,
        "slat_ns" : {
          "min" : 0,
          "max" : 0,
          "mean" : 0.000000,
          "stddev" : 0.000000,
          "N" : 0
        },
        "clat_ns" : {
          "min" : 0,
          "max" : 0,
          "mean" : 0.000000,
          "stddev" : 0.000000,
          "N" : 0
        },
        "lat_ns" : {
          "min" : 0,
          "max" : 0,
          "mean" : 0.000000,
          "stddev" : 0.000000,
          "N" : 0
        },
        "bw_min" : 0,
        "bw_max" : 0,
        "bw_agg" : 0.000000,
        "bw_mean" : 0.000000,
        "bw_dev" : 0.000000,
        "bw_samples" : 0,
        "iops_min" : 0,
        "iops_max" : 0,
        "iops_mean" : 0.000000,
        "iops_stddev" : 0.000000,
        "iops_samples" : 0
      },
      "sync" : {
        "total_ios" : 0,
        "lat_ns" : {
          "min" : 0,
          "max" : 0,
          "mean" : 0.000000,
          "stddev" : 0.000000,
          "N" : 0
        }
      },
      "job_runtime" : 120002,
      "usr_cpu" : 0.573324,
      "sys_cpu" : 2.722455,
      "ctx" : 45116,
      "majf" : 0,
      "minf" : 1077,
      "iodepth_level" : {
        "1" : 100.000000,
        "2" : 0.000000,
        "4" : 0.000000,
        "8" : 0.000000,
        "16" : 0.000000,
        "32" : 0.000000,
        ">=64" : 0.000000
      },
      "iodepth_submit" : {
        "0" : 0.000000,
        "4" : 100.000000,
        "8" : 0.000000,
        "16" : 0.000000,
        "32" : 0.000000,
        "64" : 0.000000,
        ">=64" : 0.000000
      },
      "iodepth_complete" : {
        "0" : 0.000000,
        "4" : 100.000000,
        "8" : 0.000000,
        "16" : 0.000000,
        "32" : 0.000000,
        "64" : 0.000000,
        ">=64" : 0.000000
      },
      "latency_ns" : {
        "2" : 0.000000,
        "4" : 0.000000,
        "10" : 0.000000,
        "20" : 0.000000,
        "50" : 0.000000,
        "100" : 0.000000,
        "250" : 0.000000,
        "500" : 0.000000,
        "750" : 0.000000,
        "1000" : 0.000000
      },
      "latency_us" : {
        "2" : 0.000000,
        "4" : 0.000000,
        "10" : 0.000000,
        "20" : 0.000000,
        "50" : 0.000000,
        "100" : 0.000000,
        "250" : 0.000000,
        "500" : 0.000000,
        "750" : 0.000000,
        "1000" : 0.000000
      },
      "latency_ms" : {
        "2" : 7.488469,
        "4" : 90.402696,
        "10" : 2.080007,
        "20" : 0.010000,
        "50" : 0.024392,
        "100" : 0.000000,
        "250" : 0.000000,
        "500" : 0.000000,
        "750" : 0.000000,
        "1000" : 0.000000,
        "2000" : 0.000000,
        ">=2000" : 0.000000
      },
      "latency_depth" : 1,
      "latency_target" : 0,
      "latency_percentile" : 100.000000,
      "latency_window" : 0
    }
  ],
  "disk_util" : [
    {
      "name" : "vda",
      "read_ios" : 55854,
      "write_ios" : 192,
      "read_sectors" : 91598888,
      "write_sectors" : 7976,
      "read_merges" : 0,
      "write_merges" : 255,
      "read_ticks" : 145557,
      "write_ticks" : 502,
      "in_queue" : 146064,
      "util" : 87.618410
    }
  ]
}
