{
  "fio version" : "fio-3.36",
  "timestamp" : 1772685442,
  "timestamp_ms" : 1772685442663,
  "time" : "Thu Mar  5 04:37:22 2026",
  "jobs" : [
    {
      "jobname" : "seq_read_r3",
      "groupid" : 0,
      "job_start" : 1772685412623,
      "error" : 0,
      "eta" : 0,
      "elapsed" : 31,
      "job options" : {
        "name" : "seq_read_r3",
        "directory" : "/tmp/aisp_fio_2026-03-05_localhost_modern_profile_r24_full20b_localhost",
        "ioengine" : "libaio",
        "direct" : "1",
        "rw" : "read",
        "bs" : "1M",
        "size" : "8G",
        "numjobs" : "4",
        "runtime" : "30",
        "unlink" : "1"
      },
      "read" : {
        "io_bytes" : 45419069440,
        "io_kbytes" : 44354560,
        "bw_bytes" : 1513767145,
        "bw" : 1478288,
        "iops" : 1443.640848,
        "runtime" : 30004,
        "total_ios" : 43315,
        "short_ios" : 0,
        "drop_ios" : 0,
        "slat_ns" : {
          "min" : 17749,
          "max" : 889087,
          "mean" : 53927.208288,
          "stddev" : 17723.039316,
          "N" : 43315
        },
        "clat_ns" : {
          "min" : 1020452,
          "max" : 206560642,
          "mean" : 2711423.576959,
          "stddev" : 1228714.653072,
          "N" : 43315,
          "percentile" : {
            "1.000000" : 1417216,
            "5.000000" : 1794048,
            "10.000000" : 2056192,
            "20.000000" : 2277376,
            "30.000000" : 2441216,
            "40.000000" : 2539520,
            "50.000000" : 2670592,
            "60.000000" : 2801664,
            "70.000000" : 2932736,
            "80.000000" : 3096576,
            "90.000000" : 3358720,
            "95.000000" : 3588096,
            "99.000000" : 4292608,
            "99.500000" : 4751360,
            "99.900000" : 8847360,
            "99.950000" : 11730944,
            "99.990000" : 25296896
          }
        },
        "lat_ns" : {
          "min" : 1049905,
          "max" : 206623688,
          "mean" : 2765350.785248,
          "stddev" : 1230584.836270,
          "N" : 43315
        },
        "bw_min" : 1005568,
        "bw_max" : 2029568,
        "bw_agg" : 99.963794,
        "bw_mean" : 1477753.491525,
        "bw_dev" : 42332.445849,
        "bw_samples" : 236,
        "iops_min" : 982,
        "iops_max" : 1982,
        "iops_mean" : 1443.118644,
        "iops_stddev" : 41.340279,
        "iops_samples" : 236
      },
      "write" : {
        "io_bytes" : 0,
        "io_kbytes" : 0,
        "bw_bytes" : 0,
        "bw" : 0,
        "iops" : 0.000000,
        "runtime" : 0,
        "total_ios" : 0,
        "short_ios" : 0,
        "drop_ios" : 0,
        "slat_ns" : {
          "min" : 0,
          "max" : 0,
          "mean" : 0.000000,
          "stddev" : 0.000000,
          "N" : 0
        },
        "clat_ns" : {
          "min" : 0,
          "max" : 0,
          "mean" : 0.000000,
          "stddev" : 0.000000,
          "N" : 0
        },
        "lat_ns" : {
          "min" : 0,
          "max" : 0,
          "mean" : 0.000000,
          "stddev" : 0.000000,
          "N" : 0
        },
        "bw_min" : 0,
        "bw_max" : 0,
        "bw_agg" : 0.000000,
        "bw_mean" : 0.000000,
        "bw_dev" : 0.000000,
        "bw_samples" : 0,
        "iops_min" : 0,
        "iops_max" : 0,
        "iops_mean" : 0.000000,
        "iops_stddev" : 0.000000,
        "iops_samples" : 0
      },
      "trim" : {
        "io_bytes" : 0,
        "io_kbytes" : 0,
        "bw_bytes" : 0,
        "bw" : 0,
        "iops" : 0.000000,
        "runtime" : 0,
        "total_ios" : 0,
        "short_ios" : 0,
        "drop_ios" : 0,
        "slat_ns" : {
          "min" : 0,
          "max" : 0,
          "mean" : 0.000000,
          "stddev" : 0.000000,
          "N" : 0
        },
        "clat_ns" : {
          "min" : 0,
          "max" : 0,
          "mean" : 0.000000,
          "stddev" : 0.000000,
          "N" : 0
        },
        "lat_ns" : {
          "min" : 0,
          "max" : 0,
          "mean" : 0.000000,
          "stddev" : 0.000000,
          "N" : 0
        },
        "bw_min" : 0,
        "bw_max" : 0,
        "bw_agg" : 0.000000,
        "bw_mean" : 0.000000,
        "bw_dev" : 0.000000,
        "bw_samples" : 0,
        "iops_min" : 0,
        "iops_max" : 0,
        "iops_mean" : 0.000000,
        "iops_stddev" : 0.000000,
        "iops_samples" : 0
      },
      "sync" : {
        "total_ios" : 0,
        "lat_ns" : {
          "min" : 0,
          "max" : 0,
          "mean" : 0.000000,
          "stddev" : 0.000000,
          "N" : 0
        }
      },
      "job_runtime" : 120004,
      "usr_cpu" : 0.738309,
      "sys_cpu" : 3.064898,
      "ctx" : 43336,
      "majf" : 0,
      "minf" : 1080,
      "iodepth_level" : {
        "1" : 100.000000,
        "2" : 0.000000,
        "4" : 0.000000,
        "8" : 0.000000,
        "16" : 0.000000,
        "32" : 0.000000,
        ">=64" : 0.000000
      },
      "iodepth_submit" : {
        "0" : 0.000000,
        "4" : 100.000000,
        "8" : 0.000000,
        "16" : 0.000000,
        "32" : 0.000000,
        "64" : 0.000000,
        ">=64" : 0.000000
      },
      "iodepth_complete" : {
        "0" : 0.000000,
        "4" : 100.000000,
        "8" : 0.000000,
        "16" : 0.000000,
        "32" : 0.000000,
        "64" : 0.000000,
        ">=64" : 0.000000
      },
      "latency_ns" : {
        "2" : 0.000000,
        "4" : 0.000000,
        "10" : 0.000000,
        "20" : 0.000000,
        "50" : 0.000000,
        "100" : 0.000000,
        "250" : 0.000000,
        "500" : 0.000000,
        "750" : 0.000000,
        "1000" : 0.000000
      },
      "latency_us" : {
        "2" : 0.000000,
        "4" : 0.000000,
        "10" : 0.000000,
        "20" : 0.000000,
        "50" : 0.000000,
        "100" : 0.000000,
        "250" : 0.000000,
        "500" : 0.000000,
        "750" : 0.000000,
        "1000" : 0.000000
      },
      "latency_ms" : {
        "2" : 8.574397,
        "4" : 89.742583,
        "10" : 1.616068,
        "20" : 0.039247,
        "50" : 0.025395,
        "100" : 0.000000,
        "250" : 0.010000,
        "500" : 0.000000,
        "750" : 0.000000,
        "1000" : 0.000000,
        "2000" : 0.000000,
        ">=2000" : 0.000000
      },
      "latency_depth" : 1,
      "latency_target" : 0,
      "latency_percentile" : 100.000000,
      "latency_window" : 0
    }
  ],
  "disk_util" : [
    {
      "name" : "vda",
      "read_ios" : 53768,
      "write_ios" : 141,
      "read_sectors" : 88432640,
      "write_sectors" : 5160,
      "read_merges" : 0,
      "write_merges" : 231,
      "read_ticks" : 145633,
      "write_ticks" : 283,
      "in_queue" : 145919,
      "util" : 88.961494
    }
  ]
}
